{
  "name": "kset_u40_n100_k5",
  "n": 100,
  "weights": [
    0.7057186907692192,
    1.8379764284608795,
    0.8203927811473141,
    0.8511829590927916,
    1.498908310894881,
    0.8710126096042801,
    1.7453412871305023,
    1.811979916233029,
    1.7956471140445545,
    1.4548464755053996,
    1.0569612531296046,
    1.9905736935209744,
    0.8368494047210369,
    0.8087015492595164,
    1.525818444015549,
    1.9039423403801892,
    0.5145047316360198,
    1.308706667997941,
    1.9257293614318955,
    1.7074115468643494,
    0.5476788462593487,
    1.6095745401772146,
    1.9498425391694867,
    1.5692243364041811,
    1.345571509264282,
    1.9528459285513304,
    0.5802675358708009,
    1.2987706479682435,
    1.878009387923517,
    0.5909874162820673,
    0.6134471460835523,
    1.3124505862717712,
    1.514867681723008,
    0.9701370455383874,
    1.445840211329911,
    1.8505267736447235,
    0.731022395567616,
    0.5371841325139588,
    1.9431125352968321,
    1.825738964130933,
    1.2814236703565485,
    1.0650478865662756,
    1.6388819939909618,
    1.3800843524779975,
    1.4665594083338354,
    1.9342580168783354,
    0.6703952660709473,
    1.8401420605201955,
    1.285660325365253,
    0.8167998856647954,
    0.9918590657935344,
    0.7194795416839492,
    0.947582922002906,
    0.9811460330162962,
    1.2727930802993517,
    1.679698131414133,
    1.5015450040080778,
    1.1363886673765335,
    1.4707323151323635,
    1.834723315834801,
    1.1237127189371618,
    0.9466214102652502,
    1.1180353456752676,
    1.89254802301812,
    0.6250367489517412,
    1.0879067580777697,
    0.940341475414911,
    0.5424197074622499,
    1.698409477014875,
    1.0856134930815424,
    0.7142459101165137,
    1.9691263463219355,
    1.7907838349507572,
    1.5287295397579181,
    1.2326478197718558,
    1.9282389110688596,
    1.9927854484230114,
    1.8977465580226325,
    1.1208449352689271,
    1.7327583837334362,
    1.608401367893981,
    1.586693203060758,
    1.9074448037561063,
    0.5529710030980648,
    1.1552011016021553,
    0.9383464427816723,
    0.9326326001697534,
    1.9531726780928278,
    1.532647310298306,
    1.3832871252918373,
    1.3635150744523061,
    1.8050797626696213,
    1.4663170379347565,
    0.8574158571618193,
    1.4391582486655476,
    1.5605560963989937,
    0.862984886608952,
    1.7984174536080162,
    1.7123701708957424,
    1.5553551702402153
  ],
  "constraints": [
    {
      "indices": [
        10,
        20,
        21,
        39,
        41,
        42,
        47,
        67,
        91,
        92
      ],
      "capacity": 1
    },
    {
      "indices": [
        4,
        22,
        29,
        35,
        37,
        48,
        60,
        75
      ],
      "capacity": 1
    },
    {
      "indices": [
        1,
        5,
        38,
        42,
        44,
        58,
        68,
        71,
        73,
        74,
        84,
        90,
        95,
        98
      ],
      "capacity": 1
    },
    {
      "indices": [
        14,
        17,
        24,
        26,
        31,
        35,
        44,
        48,
        49,
        67,
        77,
        79,
        81,
        84,
        85,
        94
      ],
      "capacity": 1
    },
    {
      "indices": [
        2,
        12,
        13,
        23,
        28,
        32,
        34,
        55,
        67,
        69,
        70,
        82
      ],
      "capacity": 1
    },
    {
      "indices": [
        4,
        24,
        27,
        35,
        62,
        63,
        79,
        90,
        94,
        99
      ],
      "capacity": 1
    },
    {
      "indices": [
        8,
        10,
        23,
        24,
        33,
        40,
        41,
        45,
        47,
        51,
        64,
        70,
        71,
        74,
        85,
        95,
        97
      ],
      "capacity": 1
    },
    {
      "indices": [
        21,
        39,
        50,
        54,
        60,
        65,
        80
      ],
      "capacity": 1
    },
    {
      "indices": [
        1,
        6,
        18,
        23,
        25,
        26,
        41,
        48,
        62,
        64,
        77,
        82,
        89,
        97
      ],
      "capacity": 1
    },
    {
      "indices": [
        10,
        11,
        17,
        23,
        26,
        28,
        36,
        60,
        63,
        92,
        96
      ],
      "capacity": 1
    },
    {
      "indices": [
        13,
        14,
        40,
        41,
        78,
        79,
        83
      ],
      "capacity": 1
    },
    {
      "indices": [
        3,
        13,
        27,
        29,
        30,
        38,
        53,
        83,
        86,
        88,
        98
      ],
      "capacity": 1
    },
    {
      "indices": [
        4,
        7,
        21,
        25,
        30,
        43,
        47,
        52,
        75,
        87,
        88,
        90,
        98
      ],
      "capacity": 1
    },
    {
      "indices": [
        0,
        3,
        8,
        9,
        24,
        31,
        43,
        52,
        57,
        64,
        75,
        77,
        81,
        82,
        84,
        95
      ],
      "capacity": 1
    },
    {
      "indices": [
        5,
        6,
        9,
        16,
        19,
        37,
        42,
        46,
        58,
        59,
        76,
        83,
        84,
        94
      ],
      "capacity": 1
    },
    {
      "indices": [
        5,
        15,
        26,
        33,
        36,
        44,
        45,
        50,
        61,
        62,
        66,
        68,
        92,
        98
      ],
      "capacity": 1
    },
    {
      "indices": [
        6,
        15,
        16,
        20,
        31,
        32,
        33,
        56,
        57,
        65,
        75,
        77,
        82
      ],
      "capacity": 1
    },
    {
      "indices": [
        5,
        11,
        14,
        17,
        18,
        19,
        20,
        25,
        30,
        40,
        42,
        51,
        52,
        65,
        86,
        94
      ],
      "capacity": 1
    },
    {
      "indices": [
        15,
        34,
        60,
        74
      ],
      "capacity": 1
    },
    {
      "indices": [
        19,
        51,
        53,
        54,
        55,
        58,
        59,
        78,
        85,
        88
      ],
      "capacity": 1
    },
    {
      "indices": [
        10,
        28,
        36,
        41,
        46,
        56,
        66,
        73,
        76,
        79,
        81,
        83,
        86,
        88,
        89,
        95,
        96,
        99
      ],
      "capacity": 1
    },
    {
      "indices": [
        3,
        13,
        32,
        46,
        52,
        56,
        57,
        67,
        73,
        74,
        78,
        79,
        93,
        94
      ],
      "capacity": 1
    },
    {
      "indices": [
        6,
        17,
        21,
        25,
        29,
        34,
        57,
        66,
        68,
        78,
        86,
        96
      ],
      "capacity": 1
    },
    {
      "indices": [
        7,
        11,
        17,
        18,
        32,
        36,
        49,
        51,
        59,
        62,
        63,
        69,
        87,
        99
      ],
      "capacity": 1
    },
    {
      "indices": [
        8,
        11,
        12,
        15,
        19,
        22,
        29,
        32,
        45,
        46,
        47,
        48,
        61,
        68,
        71,
        87
      ],
      "capacity": 1
    },
    {
      "indices": [
        0,
        1,
        7,
        16,
        18,
        53,
        54,
        63,
        87,
        91,
        93,
        99
      ],